cohort_month,Month 0,Month 1,Month 2,Month 3,Month 4,Month 5,Month 6,Month 7,Month 8,Month 9
2009-01,100.0,47.0,47.0,36.4,15.2,10.6,13.6,10.6,1.5,1.5
2009-02,100.0,59.2,45.1,28.2,19.7,18.3,7.0,7.0,7.0,
2009-03,100.0,60.8,54.4,34.2,25.3,12.7,2.5,1.3,2.5,1.3
2009-04,100.0,67.7,44.6,32.3,23.1,13.8,13.8,4.6,3.1,
2009-05,100.0,60.0,45.0,25.0,26.2,10.0,8.8,3.8,,1.2
2009-06,100.0,58.7,46.0,33.3,17.5,23.8,7.9,3.2,1.6,
2009-07,100.0,64.4,49.3,35.6,12.3,12.3,11.0,2.7,2.7,
2009-08,100.0,60.0,48.8,33.8,17.5,7.5,3.8,3.8,,
2009-09,100.0,61.6,50.7,34.2,20.5,5.5,4.1,2.7,,
